node_id,birthday,education-concentration-id,education-degree-id,education-school-id,education-type,education-year-id,first_name,gender,hometown-id,languages-id,last_name,locale,location-id,name,work-employer-id,work-end_date,work-location-id,work-position-id,work-start_date
573,0,,,318,55,61,,78,,,324,278,84,,,,84,,
574,209,,,237,55,259,,77,84,,,278,84,,,,,,
575,,,,318,55,67,,78,,101,,278,,,,332,,,
576,0,,,247,55,67,,77,,,,278,,,,,,,
577,,,22,228,55,257,,77,84,265,,127,,,,157,,,157
578,1,,,247,55,67,,78,84,,,278,,,,,,,
579,0,,223,319,55,67,,78,84,265,273,126,,,331,,84,301,
580,,,,52,55,,,77,,,273,127,128,,,,,,
581,,,,,,,,78,,,,126,,,,,,,
582,1,,,247,55,67,,78,,,275,278,,,,,,,
583,1,,,228,55,65,,78,84,,,278,84,,,,,,
584,2,,,247,55,71,,77,84,,273,278,,,,,,,
585,,,,247,55,66,,78,,,327,278,,,,,,,
586,,,,,,,,77,,,,127,,,,,,,
587,,216,22,315,54,62,,77,,,273,127,281,,,,,,
373,,216,,52,55,,,77,,,324,127,,,,,,,
465,,,,,,,,78,,,,127,,,,,,,
378,1,15,,52,55,64,,78,,,,278,128,,,,,,
588,,,,247,55,67,,78,,,325,278,,,,,,,
107,,,22,52,54,66,,78,,,273,127,,,,,,,
589,0,,,237,55,67,,78,,,,278,,,,,,,
590,,,,322,55,,,77,84,,275,127,129,,52,,,,
591,209,217,,52,55,,,77,298,,,127,128,,,,,,
592,0,,22,248,55,67,,78,84,265,110,278,,,,,,,
593,3,,,232,55,71,,78,,,,127,,,,,,,
594,2,14,22,52,54,66,,78,,92,,127,,,,,,,
595,1,,,247,55,67,,77,,,,278,,,,,,,
596,,,,,,,,78,,,326,278,,,,,,,
391,1,,,52,54,,,78,,,110,127,128,,,,,,
597,0,,,318,55,67,,78,,,,127,84,,,,,,
394,,312,22,52,54,62,,78,84,265,275,127,128,,,,84,,334
598,0,,,237,55,67,,78,,,,278,,,,,,,
599,,,,247,55,58,,77,,,,278,84,,,157,,,334
400,0,215,223,52,55,67,,78,84,,,127,128,,,,,,
600,0,,,247,53,,,78,,,110,278,,,,,,,
601,0,,222,52,55,59,,,,,,127,128,,,,,,
602,,,,,,,,,,,,,,,,,,,
603,,312,,237,55,67,,78,84,265,,127,,,331,157,84,,157
412,209,,,,,,,77,,,,127,,,,,,,
604,,14,23,52,55,66,,78,84,,110,127,281,,,,297,183,200
605,0,14,,248,55,257,,78,84,,,127,84,,,157,84,301,157
606,,,223,52,55,66,,78,298,,324,127,129,,,157,,,
607,,,,,,,,,,,,,,,,,,,
608,,,,,55,67,,78,,,,278,,,,,,,
609,0,311,222,,54,,,78,84,265,,127,,,,,,,
610,1,,,52,54,65,,78,,,,127,128,,,,,,
611,0,,,237,55,67,,78,,,,278,,,,,,,
423,,14,23,52,55,259,,77,,,110,127,,,,,297,183,310
612,0,,,230,55,67,,77,84,,,127,84,,,,,,
613,,,,,,,,77,,,,127,,,,,,,
34,,,,,55,65,,78,,92,,127,,,,,,,
427,,,22,52,55,71,,78,,92,,127,128,,,,,,
428,,14,223,52,55,257,,78,,,,127,128,,52,,296,183,310
431,,,,,,,,78,,,275,127,,,,,,,
348,,,,52,55,67,,78,84,,110,127,128,,,,297,,202
434,,15,222,52,55,64,,78,84,,273,278,128,,,,,,
614,,15,,52,54,64,323,78,84,101,327,278,128,329,,,,,
615,,,,,,,,77,,,,278,,,,,,,
616,,,,237,55,61,,77,84,,273,278,84,,330,,,,
436,,,,,,,,78,,,275,127,,,,,,,
617,,,22,322,55,257,,78,84,101,110,127,,,,,,,
618,0,,,247,55,,,78,84,,275,278,,,,,,,
363,,,,52,55,,,78,84,,,127,128,,,,84,,202
619,0,,,321,55,257,,78,,,,278,,,,,,,
438,,216,,52,55,255,,78,84,265,,127,,,,,,,
620,,,,,,,,78,84,,110,278,,,,,,,
621,209,,,237,55,259,,77,,,,278,84,,,157,,,157
622,1,,,319,55,61,,78,84,,,127,84,,,157,,,157
623,,,,,,,,77,,,,127,,,,,,,
483,,15,220,52,55,66,,78,84,,,127,128,,,,,,
624,,,,,,,,77,,,110,127,84,,,,,,
625,1,,,319,55,67,,78,,,328,278,,,,,,,
626,0,216,22,248,55,257,,78,84,,110,127,,,,,,,
627,1,,,247,55,67,,78,,265,275,278,,,,,,,
514,,,223,52,55,257,,78,84,265,110,127,128,,,,,,
628,,311,22,236,54,71,,78,84,101,110,127,,,,,,,
629,208,,22,229,55,259,,77,84,,,127,,,,,,,
461,,,,52,53,,,77,,,,127,,,,,,,
630,0,,,318,55,62,,78,,,110,278,84,,,,,,
631,1,,,318,55,255,,78,84,,,278,84,,,157,,,
632,,,22,236,54,257,,78,,,,127,,,,,,,157
553,211,15,221,52,55,259,,77,,,,127,,,,,,,
633,0,,,247,55,257,,78,84,,328,278,84,,,157,,,157
634,208,217,22,315,55,64,,78,263,265,,127,281,,,,,,202
370,,15,220,52,55,259,,77,,,275,127,,,,,,,
635,,,,321,54,62,,77,,101,273,278,84,,,,,,
636,0,,,318,55,67,,77,,,,278,,,,,,,
637,,,,,,,,78,,,,127,,,,,,,
475,,,,52,55,,,78,84,265,110,127,128,,,,,,
638,,,,,,,,,,,,,,,,,,,
639,2,217,,247,55,71,,78,,,110,278,,,,,,,
640,,,,228,55,67,,77,,265,,278,84,,,157,,,334
480,3,14,223,232,55,66,,78,84,265,,127,,,,,,183,
641,,217,223,52,55,61,,77,,265,273,278,128,,52,,,,
642,,,,,,,,78,,,,126,,,,,,,
496,,15,,52,55,,,78,,,273,278,,,,,,,
643,0,,,247,55,67,,78,84,,110,278,84,,,,,,
644,0,215,313,230,55,257,,78,,,,278,,,,,,,
645,,,,,55,,,78,,,,278,,,,,,,
646,,,22,228,55,62,,78,84,,,127,,,,,,,
492,,,,,,,,77,,,,127,,,,,,,
374,,15,221,52,55,,,78,,,110,127,128,,,,,,
647,0,,223,228,55,259,,78,263,265,110,127,,,,157,,333,
648,209,,,,55,259,,77,,,,278,,,,,,,
649,,15,220,52,54,60,,78,,,,127,128,,,,,,
500,0,,,,,,,78,,,275,127,,,,,,,
650,,,,247,53,,,77,,,110,278,,,,157,,,157
651,,,,,,,,78,,,110,127,,,,,,,
652,3,311,223,52,54,64,,77,,,,127,,,,,,,
653,,,,237,55,257,,78,,,,278,,,,,,,
654,0,14,,318,55,67,,78,84,,110,278,84,,,332,,,157
506,208,,,52,53,,,78,128,,,127,,,,,,,
655,208,,,314,55,66,,78,84,,,278,84,,,,,,310
376,,15,,52,55,67,,78,,,,127,128,,,,,,
656,,216,,52,54,66,,78,,,,127,128,,,,,,
657,0,,,229,55,,,78,84,,326,278,,,,157,,,157
515,1,15,,52,55,,,78,84,,,127,128,,52,,,,
658,0,,,314,55,67,,78,,,,278,,,,157,,,157
659,,,,,,,,77,,,,278,,,,,,333,
660,,,,,,,,77,,,110,127,,,,,,,
661,0,,,,53,64,,78,,,,278,,,,157,,,157
662,208,,,247,55,257,,78,,,,278,,,,157,,,157
663,,,,237,55,259,,77,,,326,127,84,,330,157,84,,157
664,0,,,237,55,257,,78,,,,278,,,,,,,
665,,,,247,55,258,,78,,,110,278,,,,157,,,157
524,0,,,52,55,67,,77,,,273,127,,,,,,,
666,0,,,237,55,,,78,,,,278,,,,,,,
667,,,,,,,,77,,,,127,,,,,,,
668,,,,,,,,,,,,,,,,,,,
567,211,15,220,52,55,61,,77,,,110,127,,,,,,,
542,1,215,,52,54,62,,77,263,,,127,128,,52,,,,
669,,,,,,,,78,,,110,127,,,,,,,
544,,15,223,52,55,258,,78,,,273,127,129,,,,,,
670,1,,,247,54,,,78,,,,278,,,,,,,
422,208,15,,229,55,,,78,,265,275,278,84,,,157,,,157
671,1,15,23,228,55,,,78,84,265,,127,84,,,,,,
672,,,,,,,,77,,,273,127,,,,,,,
173,,14,,52,55,66,,78,,,,,129,,,,,,
673,208,,22,52,55,60,,78,,,,127,,,,,,,
674,,,,,,,,,,,,,,,,,,,
675,0,,,247,54,61,,78,263,,110,278,,,,,,,
676,2,,,52,54,259,,78,,,,127,84,,,,,,
677,,312,,237,55,67,,78,,,273,278,,,,,,,
678,,,,320,55,258,,78,84,,,278,84,,,,,,
395,,15,223,52,55,66,,78,,,,127,,,,,,,
556,0,,223,52,55,67,,78,,,,278,84,,,,,,
679,,,,237,55,65,,77,,,,278,84,,,,,,
558,,14,22,52,55,,,78,84,,273,127,,,,157,,,200
559,,,220,52,55,,,78,128,,,127,,,,,,,
680,,,221,229,55,64,,78,,,275,127,,,,,,,
681,1,,,247,55,67,,78,,,,127,84,,,,,,
682,208,,23,237,55,257,,78,,,,278,,,,,,,
561,,,,247,55,61,,78,263,,,278,,,52,,,,157
513,,,,,,,,78,,,275,127,128,,,,,,
563,,,,52,54,,,78,84,,275,127,128,,,,,,
566,3,,,52,55,,,77,,,,127,128,,,,,,
683,,,,,,,,78,,,,127,,,,,,,
684,,,,319,55,,,78,84,,273,127,,,,,,,
685,0,,,321,55,,,77,,,325,278,,,,,,,
